Jefferson B. Sessions,R - AL,http://twitter.com/SenatorSessions,Sen.Sessions@opencongress.org,202-224-4124,http://www.sessions.senate.gov/public
Richard C. Shelby,R - AL,http://twitter.com/SenShelby,Sen.Shelby@opencongress.org,202-224-5744,http://www.shelby.senate.gov
Robert B. Aderholt,R - AL,http://twitter.com/Robert_Aderholt,Rep.Aderholt@opencongress.org,202-225-4876,https://aderholt.house.gov
Mo Brooks,R - AL,http://twitter.com/RepMoBrooks,Rep.Brooks@opencongress.org,202-225-4801,https://brooks.house.gov
Bradley Byrne,R - AL,http://twitter.com/RepByrne,Rep.Byrne@opencongress.org,202-225-4931,https://byrne.house.gov
Gary Palmer,R - AL,http://twitter.com/USRepGaryPalmer,Rep.Palmer@opencongress.org,202-225-4921,https://palmer.house.gov
Martha Roby,R - AL,http://twitter.com/RepMarthaRoby,Rep.Roby@opencongress.org,202-225-2901,http://roby.house.gov
Mike Rogers,R - AL,http://twitter.com/RepMikeRogersAL,Rep.Mikerogers@opencongress.org,202-225-3261,https://mikerogers.house.gov
Terri A. Sewell,D - AL,http://twitter.com/RepTerriSewell,Rep.Sewell@opencongress.org,202-225-2665,https://sewell.house.gov
Lisa A. Murkowski,R - AK,http://twitter.com/LisaMurkowski,Sen.Murkowski@opencongress.org,202-224-6665,https://www.murkowski.senate.gov
Dan Sullivan,R - AK,http://twitter.com/SenDanSullivan,Sen.Sullivan@opencongress.org,202-224-3004,http://www.sullivan.senate.gov
Don E. Young,R - AK,http://twitter.com/RepDonYoung,Rep.Donyoung@opencongress.org,202-225-5765,http://donyoung.house.gov
Jeff Flake,R - AZ,http://twitter.com/JeffFlake,Sen.Flake@opencongress.org,202-224-4521,http://www.flake.senate.gov/public
John S. McCain,R - AZ,http://twitter.com/SenJohnMcCain,Sen.Mccain@opencongress.org,202-224-2235,http://www.mccain.senate.gov
Trent Franks,R - AZ,http://twitter.com/RepTrentFranks,Rep.Franks@opencongress.org,202-225-4576,https://franks.house.gov
Ruben Gallego,D - AZ,http://twitter.com/RepRubenGallego,Rep.Rubengallego@opencongress.org,202-225-4065,https://rubengallego.house.gov
Paul A. Gosar,R - AZ,http://twitter.com/RepGosar,Rep.Gosar@opencongress.org,202-225-2315,http://gosar.house.gov
Raúl M. Grijalva,D - AZ,http://twitter.com/RepraulGrijalva,Rep.Grijalva@opencongress.org,202-225-2435,https://grijalva.house.gov
Ann Kirkpatrick,D - AZ,http://twitter.com/RepKirkpatrick,Rep.Kirkpatrick@opencongress.org,202-225-3361,http://kirkpatrick.house.gov
Martha McSally,R - AZ,http://twitter.com/RepMcSally,Rep.Mcsally@opencongress.org,202-225-2542,https://mcsally.house.gov
Matt Salmon,R - AZ,http://twitter.com/RepMattSalmon,Rep.Salmon@opencongress.org,202-225-2635,http://salmon.house.gov
David Schweikert,R - AZ,http://twitter.com/RepDavid,Rep.Schweikert@opencongress.org,202-225-2190,https://schweikert.house.gov
Kyrsten Sinema,D - AZ,http://twitter.com/RepSinema,Rep.Sinema@opencongress.org,202-225-9888,https://sinema.house.gov
John Boozman,R - AR,http://twitter.com/JohnBoozman,Sen.Boozman@opencongress.org,202-224-4843,https://www.boozman.senate.gov/public/index.cfm/home
Tom Cotton,R - AR,http://twitter.com/SenTomCotton,Sen.Cotton@opencongress.org,202-224-2353,https://www.cotton.senate.gov
Eric A. Crawford,R - AR,http://twitter.com/RepRickCrawford,Rep.Crawford@opencongress.org,202-225-4076,http://crawford.house.gov
French Hill,R - AR,http://twitter.com/RepFrenchHill,Rep.Hill@opencongress.org,202-225-2506,https://hill.house.gov
Bruce Westerman,R - AR,http://twitter.com/RepWesterman,Rep.Westerman@opencongress.org,202-225-3772,https://westerman.house.gov
Steve Womack,R - AR,http://twitter.com/Rep_SteveWomack,Rep.Womack@opencongress.org,202-225-4301,http://womack.house.gov
Barbara Boxer,D - CA,http://twitter.com/SenatorBoxer,Sen.Boxer@opencongress.org,202-224-3553,https://www.boxer.senate.gov
Dianne Feinstein,D - CA,http://twitter.com/SenFeinstein,Sen.Feinstein@opencongress.org,202-224-3841,http://www.feinstein.senate.gov
Pete Aguilar,D - CA,http://twitter.com/reppeteaguilar,Rep.Aguilar@opencongress.org,202-225-3201,https://aguilar.house.gov
Karen Bass,D - CA,http://twitter.com/RepKarenBass,Rep.Bass@opencongress.org,202-225-7084,https://bass.house.gov
Xavier Becerra,D - CA,http://twitter.com/RepBecerra,Rep.Becerra@opencongress.org,202-225-6235,https://becerra.house.gov
Ami Bera,D - CA,http://twitter.com/RepBera,Rep.Bera@opencongress.org,202-225-5716,http://bera.house.gov
Julia Brownley,D - CA,http://twitter.com/JuliaBrownley26,Rep.Juliabrownley@opencongress.org,202-225-5811,http://juliabrownley.house.gov
Ken S. Calvert,R - CA,http://twitter.com/KenCalvert,Rep.Calvert@opencongress.org,202-225-1986,http://calvert.house.gov
Lois Capps,D - CA,http://twitter.com/RepLoisCapps,Rep.Capps@opencongress.org,202-225-3601,http://capps.house.gov
Judy M. Chu,D - CA,http://twitter.com/RepJudyChu,Rep.Chu@opencongress.org,202-225-5464,https://chu.house.gov
Paul Cook,R - CA,http://twitter.com/RepPaulCook,Rep.Cook@opencongress.org,202-225-5861,http://cook.house.gov
Jim Costa,D - CA,http://twitter.com/RepJimCosta,Rep.Costa@opencongress.org,202-225-3341,https://costa.house.gov
Tony Cárdenas,D - CA,http://twitter.com/RepCardenas,Rep.Cardenas@opencongress.org,202-225-6131,https://cardenas.house.gov
Susan A. Davis,D - CA,http://twitter.com/RepSusanDavis,Rep.Susandavis@opencongress.org,202-225-2040,https://susandavis.house.gov
Mark DeSaulnier,D - CA,http://twitter.com/RepDeSaulnier,Rep.Desaulnier@opencongress.org,202-225-2095,https://desaulnier.house.gov
Jeff Denham,R - CA,http://twitter.com/RepJeffDenham,Rep.Denham@opencongress.org,202-225-4540,http://denham.house.gov
Anna G. Eshoo,D - CA,http://twitter.com/RepAnnaEshoo,Rep.Eshoo@opencongress.org,202-225-8104,http://eshoo.house.gov
Sam Farr,D - CA,http://twitter.com/RepSamFarr,Rep.Farr@opencongress.org,202-225-2861,http://farr.house.gov
John Garamendi,D - CA,http://twitter.com/RepGaramendi,Rep.Garamendi@opencongress.org,202-225-1880,http://garamendi.house.gov
Janice Hahn,D - CA,http://twitter.com/Rep_JaniceHahn,Rep.Hahn@opencongress.org,202-225-8220,http://hahn.house.gov
Michael M. Honda,D - CA,http://twitter.com/RepMikeHonda,Rep.Honda@opencongress.org,202-225-2631,https://honda.house.gov
Jared Huffman,D - CA,http://twitter.com/RepHuffman,Rep.Huffman@opencongress.org,202-225-5161,http://huffman.house.gov
Duncan D. Hunter,R - CA,http://twitter.com/Rep_Hunter,Rep.Hunter@opencongress.org,202-225-5672,https://hunter.house.gov
Darrell E. Issa,R - CA,http://twitter.com/DarrellIssa,Rep.Issa@opencongress.org,202-225-3906,https://issa.house.gov
Steve Knight,R - CA,http://twitter.com/SteveKnight25,Rep.Knight@opencongress.org,202-225-1956,https://knight.house.gov
Barbara Lee,D - CA,http://twitter.com/RepBarbaraLee,Rep.Lee@opencongress.org,202-225-2661,https://lee.house.gov
Ted Lieu,D - CA,http://twitter.com/RepTedLieu,Rep.Lieu@opencongress.org,202-225-3976,https://lieu.house.gov
Zoe Lofgren,D - CA,http://twitter.com/RepZoeLofgren,Rep.Lofgren@opencongress.org,202-225-3072,https://lofgren.house.gov
Alan S. Lowenthal,D - CA,http://twitter.com/RepLowenthal,Rep.Lowenthal@opencongress.org,202-225-7924,http://lowenthal.house.gov
Doris O. Matsui,D - CA,http://twitter.com/DorisMatsui,Rep.Matsui@opencongress.org,202-225-7163,https://matsui.house.gov
Kevin McCarthy,R - CA,http://twitter.com/GOPLeader,Rep.Kevinmccarthy@opencongress.org,202-225-2915,http://kevinmccarthy.house.gov
Tom McClintock,R - CA,http://twitter.com/RepMcClintock,Rep.Mcclintock@opencongress.org,202-225-2511,http://mcclintock.house.gov
Jerry McNerney,D - CA,http://twitter.com/RepMcNerney,Rep.Mcnerney@opencongress.org,202-225-1947,http://mcnerney.house.gov
Grace F. Napolitano,D - CA,http://twitter.com/GraceNapolitano,Rep.Napolitano@opencongress.org,202-225-5256,http://napolitano.house.gov
Nancy Pelosi,D - CA,http://twitter.com/NancyPelosi,Rep.Pelosi@opencongress.org,202-225-4965,http://pelosi.house.gov
Scott H. Peters,D - CA,http://twitter.com/RepScottPeters,Rep.Scottpeters@opencongress.org,202-225-0508,http://scottpeters.house.gov
Lucille Roybal-Allard,D - CA,http://twitter.com/RepRoybalAllard,Rep.Roybal-allard@opencongress.org,202-225-1766,http://roybal-allard.house.gov
Edward R. Royce,R - CA,http://twitter.com/RepEdRoyce,Rep.Royce@opencongress.org,202-225-4111,http://royce.house.gov
Loretta B. Sanchez,D - CA,http://twitter.com/LorettaSanchez,Rep.Lorettasanchez@opencongress.org,202-225-2965,http://lorettasanchez.house.gov
Adam B. Schiff,D - CA,http://twitter.com/RepAdamSchiff,Rep.Schiff@opencongress.org,202-225-4176,http://schiff.house.gov
Brad J. Sherman,D - CA,http://twitter.com/BradSherman,Rep.Sherman@opencongress.org,202-225-5911,http://sherman.house.gov
Jackie Speier,D - CA,http://twitter.com/RepSpeier,Rep.Speier@opencongress.org,202-225-3531,https://speier.house.gov
Eric Swalwell,D - CA,http://twitter.com/RepSwalwell,Rep.Swalwell@opencongress.org,202-225-5065,https://swalwell.house.gov
Linda T. Sánchez,D - CA,http://twitter.com/RepLindaSanchez,Rep.Lindasanchez@opencongress.org,202-225-6676,https://lindasanchez.house.gov
Mark Takano,D - CA,http://twitter.com/RepMarkTakano,Rep.Takano@opencongress.org,202-225-2305,https://takano.house.gov
Mike Michael Thompson,D - CA,http://twitter.com/RepThompson,Rep.Mikethompson@opencongress.org,202-225-3311,http://mikethompson.house.gov
Norma Torres,D - CA,http://twitter.com/NormaJTorres,Rep.Torres@opencongress.org,202-225-6161,https://torres.house.gov
David G. Valadao,R - CA,http://twitter.com/RepDavidValadao,Rep.Valadao@opencongress.org,202-225-4695,http://valadao.house.gov
Juan Vargas,D - CA,http://twitter.com/RepJuanVargas,Rep.Vargas@opencongress.org,202-225-8045,http://vargas.house.gov
Mimi Walters,R - CA,http://twitter.com/RepMimiWalters,Rep.Walters@opencongress.org,202-225-5611,https://walters.house.gov
Maxine Waters,D - CA,http://twitter.com/MaxineWaters,Rep.Waters@opencongress.org,202-225-2201,https://waters.house.gov
Michael F. Bennet,D - CO,http://twitter.com/SenBennetCo,Sen.Bennet@opencongress.org,202-224-5852,https://www.bennet.senate.gov
Cory Gardner,R - CO,http://twitter.com/SenCoryGardner,Sen.Gardner@opencongress.org,202-224-5941,https://www.gardner.senate.gov
Ken Buck,R - CO,http://twitter.com/RepKenBuck,Rep.Buck@opencongress.org,202-225-4676,https://buck.house.gov
Mike Coffman,R - CO,http://twitter.com/RepMikeCoffman,Rep.Coffman@opencongress.org,202-225-7882,http://coffman.house.gov
Diana L. DeGette,D - CO,http://twitter.com/RepDianaDeGette,Rep.Degette@opencongress.org,202-225-4431,http://degette.house.gov
Doug Lamborn,R - CO,http://twitter.com/RepDLamborn,Rep.Lamborn@opencongress.org,202-225-4422,http://lamborn.house.gov
Ed Perlmutter,D - CO,http://twitter.com/RepPerlmutter,Rep.Perlmutter@opencongress.org,202-225-2645,https://perlmutter.house.gov
Jared Polis,D - CO,http://twitter.com/JaredPolis,Rep.Polis@opencongress.org,202-225-2161,http://polis.house.gov
Scott R. Tipton,R - CO,http://twitter.com/RepTipton,Rep.Tipton@opencongress.org,202-225-4761,http://tipton.house.gov
Richard Blumenthal,D - CT,http://twitter.com/SenBlumenthal,Sen.Blumenthal@opencongress.org,202-224-2823,https://www.blumenthal.senate.gov
Christopher S. Murphy,D - CT,http://twitter.com/ChrisMurphyCT,Sen.Murphy@opencongress.org,202-224-4041,https://www.murphy.senate.gov
Joe Courtney,D - CT,http://twitter.com/RepJoeCourtney,Rep.Courtney@opencongress.org,202-225-2076,https://courtney.house.gov
Rosa L. DeLauro,D - CT,http://twitter.com/RosaDeLauro,Rep.Delauro@opencongress.org,202-225-3661,https://delauro.house.gov
Elizabeth H. Esty,D - CT,http://twitter.com/RepEsty,Rep.Esty@opencongress.org,202-225-4476,https://esty.house.gov
James A. Himes,D - CT,http://twitter.com/JAHimes,Rep.Himes@opencongress.org,202-225-5541,https://himes.house.gov
John B. Larson,D - CT,http://twitter.com/RepJohnLarson,Rep.Larson@opencongress.org,202-225-2265,https://larson.house.gov
Thomas Richard Carper,D - DE,http://twitter.com/SenatorCarper,Sen.Carper@opencongress.org,202-224-2441,http://www.carper.senate.gov/public
Chris Andrew Coons,D - DE,http://twitter.com/SenCoonsOffice,Sen.Coons@opencongress.org,202-224-5042,https://www.coons.senate.gov
John C. Carney,D - DE,http://twitter.com/JohnCarneyde,Rep.Johncarney@opencongress.org,202-225-4165,http://johncarney.house.gov
Eleanor Holmes Norton,D - DC,http://twitter.com/EleanorNorton,Rep.Norton@opencongress.org,202-225-8050,https://norton.house.gov
Bill Nelson,D - FL,http://twitter.com/SenBillNelson,Sen.Billnelson@opencongress.org,202-224-5274,https://www.billnelson.senate.gov
Marco Rubio,R - FL,http://twitter.com/SenRubioPress,Sen.Rubio@opencongress.org,202-224-3041,http://www.rubio.senate.gov
Gus M. Bilirakis,R - FL,http://twitter.com/RepGusBilirakis,Rep.Bilirakis@opencongress.org,202-225-5755,https://bilirakis.house.gov
Corrine Brown,D - FL,http://twitter.com/RepCorrineBrown,Rep.Corrinebrown@opencongress.org,202-225-0123,https://corrinebrown.house.gov
Vern Buchanan,R - FL,http://twitter.com/VernBuchanan,Rep.Buchanan@opencongress.org,202-225-5015,https://buchanan.house.gov
Kathy Castor,D - FL,http://twitter.com/USRepKCastor,Rep.Castor@opencongress.org,202-225-3376,http://castor.house.gov
Curtis Clawson,R - FL,http://twitter.com/RepCurtClawson,Rep.Clawson@opencongress.org,202-225-2536,http://clawson.house.gov
Ander Crenshaw,R - FL,http://twitter.com/AnderCrenshaw,Rep.Crenshaw@opencongress.org,202-225-2501,https://crenshaw.house.gov
Carlos Curbelo,R - FL,http://twitter.com/RepCurbelo,Rep.Curbelo@opencongress.org,202-225-2778,http://curbelo.house.gov
Ron DeSantis,R - FL,http://twitter.com/RepDeSantis,Rep.Desantis@opencongress.org,202-225-2706,http://desantis.house.gov
Theodore E. Deutch,D - FL,http://twitter.com/RepTedDeutch,Rep.Teddeutch@opencongress.org,202-225-3001,http://teddeutch.house.gov
Mario Diaz-Balart,R - FL,http://twitter.com/MarioDB,Rep.Mariodiazbalart@opencongress.org,202-225-4211,http://mariodiazbalart.house.gov
Lois Frankel,D - FL,http://twitter.com/RepLoisFrankel,Rep.Frankel@opencongress.org,202-225-9890,http://frankel.house.gov
Gwen Graham,D - FL,http://twitter.com/RepGwenGraham,Rep.Graham@opencongress.org,202-225-5235,https://graham.house.gov
Alcee L. Hastings,D - FL,http://twitter.com/RepHastingsFL,Rep.Alceehastings@opencongress.org,202-225-1313,http://alceehastings.house.gov
David W. Jolly,R - FL,http://twitter.com/USRepDavidJolly,Rep.Jolly@opencongress.org,202-225-5961,http://jolly.house.gov
Patrick Murphy,D - FL,http://twitter.com/RepMurphyFL,Rep.Patrickmurphy@opencongress.org,202-225-3026,http://patrickmurphy.house.gov
Richard B. Nugent,R - FL,http://twitter.com/RepRichNugent,Rep.Nugent@opencongress.org,202-225-1002,https://nugent.house.gov
Bill Posey,R - FL,http://twitter.com/CongBillPosey,Rep.Posey@opencongress.org,202-225-3671,http://posey.house.gov
Thomas J. Rooney,R - FL,http://twitter.com/TomRooney,Rep.Rooney@opencongress.org,202-225-5792,https://rooney.house.gov
Ileana Ros-Lehtinen,R - FL,http://twitter.com/RosLehtinen,Rep.Ros-lehtinen@opencongress.org,202-225-3931,http://ros-lehtinen.house.gov
Dennis A. Ross,R - FL,http://twitter.com/RepDennisRoss,Rep.Dennisross@opencongress.org,202-225-1252,http://dennisross.house.gov
Debbie Wasserman Schultz,D - FL,http://twitter.com/RepDWStweets,Rep.Wassermanschultz@opencongress.org,202-225-7931,https://wassermanschultz.house.gov
Daniel Webster,R - FL,http://twitter.com/RepWebster,Rep.Webster@opencongress.org,202-225-1002,http://webster.house.gov
Frederica S. Wilson,D - FL,http://twitter.com/RepWilson,Rep.Wilson@opencongress.org,202-225-4506,https://wilson.house.gov
Ted S. Yoho,R - FL,http://twitter.com/RepTedYoho,Rep.Yoho@opencongress.org,202-225-5744,http://yoho.house.gov
John H. Isakson,R - GA,http://twitter.com/SenatorIsakson,Sen.Isakson@opencongress.org,202-224-3643,http://www.isakson.senate.gov
David Perdue,R - GA,http://twitter.com/sendavidperdue,Sen.Perdue@opencongress.org,202-224-3521,http://www.perdue.senate.gov
Rick Allen,R - GA,http://twitter.com/reprickallen,Rep.Allen@opencongress.org,202-225-2823,http://allen.house.gov
Sanford D. Bishop,D - GA,http://twitter.com/SanfordBishop,Rep.Bishop@opencongress.org,202-225-3631,http://bishop.house.gov
Buddy Carter,R - GA,http://twitter.com/RepBuddyCarter,Rep.Buddycarter@opencongress.org,202-225-5831,http://buddycarter.house.gov
Doug Collins,R - GA,http://twitter.com/RepDougCollins,Rep.Dougcollins@opencongress.org,202-225-9893,https://dougcollins.house.gov
Tom Graves,R - GA,http://twitter.com/RepTomGraves,Rep.Tomgraves@opencongress.org,202-225-5211,http://tomgraves.house.gov
Jody Hice,R - GA,http://twitter.com/congressmanhice,Rep.Hice@opencongress.org,202-225-4101,https://hice.house.gov
Henry C. Johnson,D - GA,http://twitter.com/RepHankJohnson,Rep.Hankjohnson@opencongress.org,202-225-1605,https://hankjohnson.house.gov
John R. Lewis,D - GA,http://twitter.com/RepJohnLewis,Rep.Johnlewis@opencongress.org,202-225-3801,https://johnlewis.house.gov
Barry Loudermilk,R - GA,http://twitter.com/RepLoudermilk,Rep.Loudermilk@opencongress.org,202-225-2931,http://loudermilk.house.gov
Tom Price,R - GA,http://twitter.com/RepTomPrice,Rep.Tomprice@opencongress.org,202-225-4501,https://tomprice.house.gov
David Scott,D - GA,http://twitter.com/RepDavidScott,Rep.Davidscott@opencongress.org,202-225-2939,http://davidscott.house.gov
Austin Scott,R - GA,http://twitter.com/AustinScottGA08,Rep.Austinscott@opencongress.org,202-225-6531,https://austinscott.house.gov
Lynn A. Westmoreland,R - GA,http://twitter.com/RepWestmoreland,Rep.Westmoreland@opencongress.org,202-225-5901,http://westmoreland.house.gov
Rob Woodall,R - GA,http://twitter.com/RepRobWoodall,Rep.Woodall@opencongress.org,202-225-4272,https://woodall.house.gov
Mazie K. Hirono,D - HI,http://twitter.com/MazieHirono,Sen.Hirono@opencongress.org,202-224-6361,https://www.hirono.senate.gov
Brian Emanuel Schatz,D - HI,http://twitter.com/SenBrianSchatz,Sen.Schatz@opencongress.org,202-224-3934,http://www.schatz.senate.gov
Tulsi Gabbard,D - HI,http://twitter.com/TulsiPress,Rep.Gabbard@opencongress.org,202-225-4906,https://gabbard.house.gov
Mark Takai,D - HI,http://twitter.com/RepMarkTakai,Rep.Takai@opencongress.org,202-225-2726,https://takai.house.gov
Michael D. Crapo,R - ID,http://twitter.com/MikeCrapo,Sen.Crapo@opencongress.org,202-224-6142,http://www.crapo.senate.gov
James Risch,R - ID,http://twitter.com/SenatorRisch,Sen.Risch@opencongress.org,202-224-2752,http://www.risch.senate.gov
Raúl R. Labrador,R - ID,http://twitter.com/Raul_Labrador,Rep.Labrador@opencongress.org,202-225-6611,https://labrador.house.gov
Michael K. Simpson,R - ID,http://twitter.com/CongMikeSimpson,Rep.Simpson@opencongress.org,202-225-5531,http://simpson.house.gov
Tammy Duckworth,D - IL,http://twitter.com/SenDuckworth,N/A,202-224-2854,https://www.duckworth.senate.gov
Richard J. Durbin,D - IL,http://twitter.com/SenatorDurbin,Sen.Durbin@opencongress.org,202-224-2152,http://www.durbin.senate.gov
Mark Steven Kirk,R - IL,http://twitter.com/SenatorKirk,Sen.Kirk@opencongress.org,202-224-2854,https://www.kirk.senate.gov
Cheri Bustos,D - IL,http://twitter.com/RepCheri,Rep.Bustos@opencongress.org,202-225-5905,https://bustos.house.gov
Rodney Davis,R - IL,http://twitter.com/RodneyDavis,Rep.Rodneydavis@opencongress.org,202-225-2371,http://rodneydavis.house.gov
Bob Dold,R - IL,http://twitter.com/RepDold,Rep.Dold@opencongress.org,202-225-4835,https://dold.house.gov
Bill Foster,D - IL,http://twitter.com/RepBillFoster,Rep.Foster@opencongress.org,202-225-3515,http://foster.house.gov
Randy Hultgren,R - IL,http://twitter.com/RepHultgren,Rep.Hultgren@opencongress.org,202-225-2976,http://hultgren.house.gov
Robin Kelly,D - IL,http://twitter.com/RepRobinKelly,Rep.Robinkelly@opencongress.org,202-225-0773,https://robinkelly.house.gov
Adam Kinzinger,R - IL,http://twitter.com/RepKinzinger,Rep.Kinzinger@opencongress.org,202-225-3635,http://kinzinger.house.gov
Darin LaHood,R - IL,http://twitter.com/RepLaHood,Rep.Lahood@opencongress.org,202-225-6201,https://lahood.house.gov
Daniel William Lipinski,D - IL,http://twitter.com/RepLipinski,Rep.Lipinski@opencongress.org,202-225-5701,https://lipinski.house.gov
Mike Quigley,D - IL,http://twitter.com/RepMikeQuigley,Rep.Quigley@opencongress.org,202-225-4061,https://quigley.house.gov
Peter J. Roskam,R - IL,http://twitter.com/PeterRoskam,Rep.Roskam@opencongress.org,202-225-4561,https://roskam.house.gov
Bobby L. Rush,D - IL,http://twitter.com/RepBobbyRush,Rep.Rush@opencongress.org,202-225-4372,http://rush.house.gov
Janice D. Schakowsky,D - IL,http://twitter.com/JanSchakowsky,Rep.Schakowsky@opencongress.org,202-225-2111,https://schakowsky.house.gov
John M. Shimkus,R - IL,http://twitter.com/RepShimkus,Rep.Shimkus@opencongress.org,202-225-5271,https://shimkus.house.gov
Daniel Ray Coats,R - IN,http://twitter.com/SenDanCoats,Sen.Coats@opencongress.org,202-224-5623,http://www.coats.senate.gov
Joe Donnelly,D - IN,http://twitter.com/SenDonnelly,Sen.Donnelly@opencongress.org,202-224-4814,http://www.donnelly.senate.gov
Todd C. Young,R - IN,http://twitter.com/RepToddYoung,N/A,202-224-5623,https://www.young.senate.gov
Susan W. Brooks,R - IN,http://twitter.com/SusanWBrooks,Rep.Susanwbrooks@opencongress.org,202-225-2276,http://susanwbrooks.house.gov
Larry Bucshon,R - IN,http://twitter.com/RepLarryBucshon,Rep.Bucshon@opencongress.org,202-225-4636,https://bucshon.house.gov
André Carson,D - IN,http://twitter.com/RepAndreCarson,Rep.Carson@opencongress.org,202-225-4011,http://carson.house.gov
Luke Messer,R - IN,http://twitter.com/RepLukeMesser,Rep.Messer@opencongress.org,202-225-3021,https://messer.house.gov
Todd Rokita,R - IN,http://twitter.com/ToddRokita,Rep.Rokita@opencongress.org,202-225-5037,http://rokita.house.gov
Marlin A. Stutzman,R - IN,http://twitter.com/RepStutzman,Rep.Stutzman@opencongress.org,202-225-4436,http://stutzman.house.gov
Peter J. Visclosky,D - IN,http://twitter.com/RepVisclosky,Rep.Visclosky@opencongress.org,202-225-2461,https://visclosky.house.gov
Jackie Walorski,R - IN,http://twitter.com/RepWalorski,Rep.Walorski@opencongress.org,202-225-3915,http://walorski.house.gov
Joni Ernst,R - IA,http://twitter.com/SenJoniErnst,Sen.Ernst@opencongress.org,202-224-3254,http://www.ernst.senate.gov/public
Charles E. Grassley,R - IA,http://twitter.com/ChuckGrassley,Sen.Grassley@opencongress.org,202-224-3744,http://www.grassley.senate.gov
Rod Blum,R - IA,http://twitter.com/RepRodBlum,Rep.Blum@opencongress.org,202-225-2911,https://blum.house.gov
Steve A. King,R - IA,http://twitter.com/SteveKingIA,Rep.Steveking@opencongress.org,202-225-4426,https://steveking.house.gov
David Loebsack,D - IA,http://twitter.com/DaveLoebsack,Rep.Loebsack@opencongress.org,202-225-6576,http://loebsack.house.gov
David Young,R - IA,http://twitter.com/RepDavidYoung,Rep.Davidyoung@opencongress.org,202-225-5476,https://davidyoung.house.gov
Jerry Moran,R - KS,http://twitter.com/JerryMoran,Sen.Moran@opencongress.org,202-224-6521,http://www.moran.senate.gov
Pat Roberts,R - KS,http://twitter.com/SenPatRoberts,Sen.Roberts@opencongress.org,202-224-4774,http://www.roberts.senate.gov
Tim Huelskamp,R - KS,http://twitter.com/CongHuelskamp,Rep.Huelskamp@opencongress.org,202-225-2715,http://huelskamp.house.gov
Lynn Jenkins,R - KS,http://twitter.com/RepLynnJenkins,Rep.Lynnjenkins@opencongress.org,202-225-6601,https://lynnjenkins.house.gov
Mike Pompeo,R - KS,http://twitter.com/RepMikePompeo,Rep.Pompeo@opencongress.org,202-225-6216,http://pompeo.house.gov
Kevin Yoder,R - KS,http://twitter.com/RepKevinYoder,Rep.Yoder@opencongress.org,202-225-2865,http://yoder.house.gov
Mitch McConnell,R - KY,http://twitter.com/McConnellPress,Sen.Mcconnell@opencongress.org,202-224-2541,http://www.mcconnell.senate.gov
Garland Barr,R - KY,http://twitter.com/RepAndyBarr,Rep.Barr@opencongress.org,202-225-4706,https://barr.house.gov
Brett Guthrie,R - KY,http://twitter.com/RepGuthrie,Rep.Guthrie@opencongress.org,202-225-3501,https://guthrie.house.gov
Thomas Massie,R - KY,http://twitter.com/RepThomasMassie,Rep.Massie@opencongress.org,202-225-3465,https://massie.house.gov
Harold Rogers,R - KY,http://twitter.com/RepHalRogers,Rep.Halrogers@opencongress.org,202-225-4601,http://halrogers.house.gov
Ed Whitfield,R - KY,http://twitter.com/RepEdWhitfield,Rep.Whitfield@opencongress.org,202-225-3115,http://whitfield.house.gov
John A. Yarmuth,D - KY,http://twitter.com/RepJohnYarmuth,Rep.Yarmuth@opencongress.org,202-225-5401,https://yarmuth.house.gov
Ralph Abraham,R - LA,http://twitter.com/RepAbraham,Rep.Abraham@opencongress.org,202-225-8490,https://abraham.house.gov
Charles W. Boustany,R - LA,http://twitter.com/RepBoustany,Rep.Boustany@opencongress.org,202-225-2031,http://boustany.house.gov
John Fleming,R - LA,http://twitter.com/RepFleming,Rep.Fleming@opencongress.org,202-225-2777,http://fleming.house.gov
Garret Graves,R - LA,http://twitter.com/RepGarretGraves,Rep.Garretgraves@opencongress.org,202-225-3901,https://garretgraves.house.gov
Cedric L. Richmond,D - LA,http://twitter.com/RepRichmond,Rep.Richmond@opencongress.org,202-225-6636,https://richmond.house.gov
Steve Joseph Scalise,R - LA,http://twitter.com/SteveScalise,Rep.Scalise@opencongress.org,202-225-3015,http://scalise.house.gov
Susan M. Collins,R - ME,http://twitter.com/SenatorCollins,Sen.Collins@opencongress.org,202-224-2523,https://www.collins.senate.gov
Angus King,I - ME,http://twitter.com/SenAngusKing,Sen.King@opencongress.org,202-224-5344,http://www.king.senate.gov
Chellie Pingree,D - ME,http://twitter.com/ChelliePingree,Rep.Pingree@opencongress.org,202-225-6116,https://pingree.house.gov
Bruce Poliquin,R - ME,http://twitter.com/RepPoliquin,Rep.Poliquin@opencongress.org,202-225-6306,https://poliquin.house.gov
Benjamin L. Cardin,D - MD,http://twitter.com/SenatorCardin,Sen.Cardin@opencongress.org,202-224-4524,https://www.cardin.senate.gov
Barbara A. Mikulski,D - MD,http://twitter.com/SenatorBarb,Sen.Mikulski@opencongress.org,202-224-4654,https://www.mikulski.senate.gov
Chris Van Hollen,D - MD,http://twitter.com/ChrisVanHollen,Sen.Vanhollen@opencongress.org,202-224-4654,https://www.vanhollen.senate.gov
Elijah E. Cummings,D - MD,http://twitter.com/RepCummings,Rep.Cummings@opencongress.org,202-225-4741,https://cummings.house.gov
John K. Delaney,D - MD,http://twitter.com/RepJohnDelaney,Rep.Delaney@opencongress.org,202-225-2721,http://delaney.house.gov
Donna F. Edwards,D - MD,http://twitter.com/RepDonnaEdwards,Rep.Donnaedwards@opencongress.org,202-225-8699,http://donnaedwards.house.gov
Andy Harris,R - MD,http://twitter.com/RepAndyHarrisMD,Rep.Harris@opencongress.org,202-225-5311,http://harris.house.gov
Steny H. Hoyer,D - MD,http://twitter.com/WhipHoyer,Rep.Hoyer@opencongress.org,202-225-4131,https://hoyer.house.gov
C. A. Dutch Ruppersberger,D - MD,http://twitter.com/Call_Me_Dutch,Rep.Ruppersberger@opencongress.org,202-225-3061,http://ruppersberger.house.gov
John P. Sarbanes,D - MD,http://twitter.com/RepSarbanes,Rep.Sarbanes@opencongress.org,202-225-4016,https://sarbanes.house.gov
Edward J. Markey,D - MA,http://twitter.com/SenMarkey,Sen.Markey@opencongress.org,202-224-2742,http://www.markey.senate.gov
Elizabeth Warren,D - MA,http://twitter.com/SenWarren,Sen.Warren@opencongress.org,202-224-4543,http://www.warren.senate.gov
Michael E. Capuano,D - MA,http://twitter.com/RepMikeCapuano,Rep.Capuano@opencongress.org,202-225-5111,http://capuano.house.gov
Katherine M. Clark,D - MA,http://twitter.com/RepKClark,Rep.Katherineclark@opencongress.org,202-225-2836,https://katherineclark.house.gov
William R. Keating,D - MA,http://twitter.com/USRepKeating,Rep.Keating@opencongress.org,202-225-3111,https://keating.house.gov
Joseph P. Kennedy,D - MA,http://twitter.com/RepJoeKennedy,Rep.Kennedy@opencongress.org,202-225-5931,https://kennedy.house.gov
Stephen F. Lynch,D - MA,http://twitter.com/RepStephenLynch,Rep.Lynch@opencongress.org,202-225-8273,http://lynch.house.gov
James P. McGovern,D - MA,http://twitter.com/RepMcGovern,Rep.Mcgovern@opencongress.org,202-225-6101,http://mcgovern.house.gov
Seth Moulton,D - MA,http://twitter.com/teammoulton,Rep.Moulton@opencongress.org,202-225-8020,http://moulton.house.gov
Richard E. Neal,D - MA,http://twitter.com/RepRichardNeal,Rep.Neal@opencongress.org,202-225-5601,https://neal.house.gov
Niki S. Tsongas,D - MA,http://twitter.com/NikiInTheHouse,Rep.Tsongas@opencongress.org,202-225-3411,https://tsongas.house.gov
Gary C. Peters,D - MI,http://twitter.com/SenGaryPeters,Sen.Peters@opencongress.org,202-224-6221,https://www.peters.senate.gov
Debbie Ann Stabenow,D - MI,http://twitter.com/SenStabenow,Sen.Stabenow@opencongress.org,202-224-4822,http://www.stabenow.senate.gov
Dan Benishek,R - MI,http://twitter.com/CongressmanDan,Rep.Benishek@opencongress.org,202-225-4735,http://benishek.house.gov
Mike Bishop,R - MI,http://twitter.com/RepMikeBishop,Rep.Mikebishop@opencongress.org,202-225-4872,https://mikebishop.house.gov
John Conyers,D - MI,http://twitter.com/RepJohnConyers,Rep.Conyers@opencongress.org,202-225-5126,https://conyers.house.gov
Debbie Dingell,D - MI,http://twitter.com/RepDebDingell,Rep.Debbiedingell@opencongress.org,202-225-4071,https://debbiedingell.house.gov
Bill Huizenga,R - MI,http://twitter.com/RepHuizenga,Rep.Huizenga@opencongress.org,202-225-4401,http://huizenga.house.gov
Daniel T. Kildee,D - MI,http://twitter.com/RepDanKildee,Rep.Dankildee@opencongress.org,202-225-3611,http://dankildee.house.gov
Brenda Lawrence,D - MI,http://twitter.com/RepLawrence,Rep.Lawrence@opencongress.org,202-225-5802,https://lawrence.house.gov
Sander M. Levin,D - MI,http://twitter.com/RepSandyLevin,Rep.Levin@opencongress.org,202-225-4961,http://levin.house.gov
Candice S. Miller,R - MI,http://twitter.com/CandiceMiller,Rep.Candicemiller@opencongress.org,202-225-2106,http://candicemiller.house.gov
John Moolenaar,R - MI,http://twitter.com/RepMoolenaar,Rep.Moolenaar@opencongress.org,202-225-3561,https://moolenaar.house.gov
Fred Stephen Upton,R - MI,http://twitter.com/RepFredUpton,Rep.Upton@opencongress.org,202-225-3761,http://upton.house.gov
Tim Walberg,R - MI,http://twitter.com/RepWalberg,Rep.Walberg@opencongress.org,202-225-6276,http://walberg.house.gov
Alan Stuart Franken,D - MN,http://twitter.com/SenFranken,Sen.Franken@opencongress.org,202-224-5641,https://www.franken.senate.gov
Keith Maurice Ellison,D - MN,http://twitter.com/KeithEllison,Rep.Ellison@opencongress.org,202-225-4755,https://ellison.house.gov
Tom Emmer,R - MN,http://twitter.com/RepTomEmmer,Rep.Emmer@opencongress.org,202-225-2331,https://emmer.house.gov
John Paul Kline,R - MN,http://twitter.com/RepJohnKline,Rep.Kline@opencongress.org,202-225-2271,http://kline.house.gov
Betty Louise McCollum,D - MN,http://twitter.com/BettyMcCollum04,Rep.Mccollum@opencongress.org,202-225-6631,http://mccollum.house.gov
Richard M. Nolan,D - MN,http://twitter.com/USRepRickNolan,Rep.Nolan@opencongress.org,202-225-6211,http://nolan.house.gov
Erik Paulsen,R - MN,http://twitter.com/RepErikPaulsen,Rep.Paulsen@opencongress.org,202-225-2871,https://paulsen.house.gov
Timothy James Walz,D - MN,http://twitter.com/RepTimWalz,Rep.Walz@opencongress.org,202-225-2472,https://walz.house.gov
Thad Cochran,R - MS,http://twitter.com/SenThadCochran,Sen.Cochran@opencongress.org,202-224-5054,http://www.cochran.senate.gov
Roger F. Wicker,R - MS,http://twitter.com/SenatorWicker,Sen.Wicker@opencongress.org,202-224-6253,http://www.wicker.senate.gov
Gregg Harper,R - MS,http://twitter.com/GreggHarper,Rep.Harper@opencongress.org,202-225-5031,http://harper.house.gov
Steven M. Palazzo,R - MS,http://twitter.com/CongPalazzo,Rep.Palazzo@opencongress.org,202-225-5772,http://palazzo.house.gov
Bennie G. Thompson,D - MS,http://twitter.com/BennieGThompson,Rep.Benniethompson@opencongress.org,202-225-5876,https://benniethompson.house.gov
Roy Blunt,R - MO,http://twitter.com/RoyBlunt,Sen.Blunt@opencongress.org,202-224-5721,http://www.blunt.senate.gov/public
Claire McCaskill,D - MO,http://twitter.com/McCaskillOffice,Sen.Mccaskill@opencongress.org,202-224-6154,https://www.mccaskill.senate.gov
Emanuel Cleaver,D - MO,http://twitter.com/RepCleaver,Rep.Cleaver@opencongress.org,202-225-4535,http://cleaver.house.gov
Sam B. Graves,R - MO,http://twitter.com/RepSamGraves,Rep.Graves@opencongress.org,202-225-7041,https://graves.house.gov
Vicky Hartzler,R - MO,http://twitter.com/RepHartzler,Rep.Hartzler@opencongress.org,202-225-2876,https://hartzler.house.gov
Billy Long,R - MO,http://twitter.com/USRepLong,Rep.Long@opencongress.org,202-225-6536,https://long.house.gov
Jason T. Smith,R - MO,http://twitter.com/RepJasonSmith,Rep.Jasonsmith@opencongress.org,202-225-4404,https://jasonsmith.house.gov
Ann Wagner,R - MO,http://twitter.com/RepAnnWagner,Rep.Wagner@opencongress.org,202-225-1621,http://wagner.house.gov
Steve Daines,R - MT,http://twitter.com/SteveDaines,Sen.Daines@opencongress.org,202-224-2651,https://www.daines.senate.gov
Jon Tester,D - MT,http://twitter.com/SenatorTester,Sen.Tester@opencongress.org,202-224-2644,http://www.tester.senate.gov
Ryan Zinke,R - MT,http://twitter.com/RepRyanZinke,Rep.Zinke@opencongress.org,202-225-3211,https://zinke.house.gov
Deb Fischer,R - NE,http://twitter.com/SenatorFischer,Sen.Fischer@opencongress.org,202-224-6551,http://www.fischer.senate.gov
Benjamin Eric Sasse,R - NE,http://twitter.com/SenSasse,Sen.Sasse@opencongress.org,202-224-4224,http://www.sasse.senate.gov/public
Brad Ashford,D - NE,http://twitter.com/RepBradAshford,Rep.Ashford@opencongress.org,202-225-4155,https://ashford.house.gov
Jeff Lane Fortenberry,R - NE,http://twitter.com/JeffFortenberry,Rep.Fortenberry@opencongress.org,202-225-4806,https://fortenberry.house.gov
Adrian Smith,R - NE,http://twitter.com/RepAdrianSmith,Rep.Adriansmith@opencongress.org,202-225-6435,http://adriansmith.house.gov
Dean Heller,R - NV,http://twitter.com/SenDeanHeller,Sen.Heller@opencongress.org,202-224-6244,http://www.heller.senate.gov/public
Harry M. Reid,D - NV,http://twitter.com/SenatorReid,Sen.Reid@opencongress.org,202-224-3542,http://www.reid.senate.gov
Mark E. Amodei,R - NV,http://twitter.com/MarkAmodeiNV2,Rep.Amodei@opencongress.org,202-225-6155,https://amodei.house.gov
Cresent Hardy,R - NV,http://twitter.com/RepHardy,Rep.Hardy@opencongress.org,202-225-9894,https://hardy.house.gov
Joseph J. Heck,R - NV,http://twitter.com/RepJoeHeck,Rep.Heck@opencongress.org,202-225-3252,https://heck.house.gov
Dina Titus,D - NV,http://twitter.com/RepDinaTitus,Rep.Titus@opencongress.org,202-225-5965,https://titus.house.gov
Kelly Ayotte,R - NH,http://twitter.com/KellyAyotte,Sen.Ayotte@opencongress.org,202-224-3324,http://www.ayotte.senate.gov
Jeanne Shaheen,D - NH,http://twitter.com/SenatorShaheen,Sen.Shaheen@opencongress.org,202-224-2841,https://www.shaheen.senate.gov
Frank Guinta,R - NH,http://twitter.com/RepFrankGuinta,Rep.Guinta@opencongress.org,202-225-5456,https://guinta.house.gov
Ann M. Kuster,D - NH,http://twitter.com/RepAnnieKuster,Rep.Kuster@opencongress.org,202-225-5206,http://kuster.house.gov
Cory Anthony Booker,D - NJ,http://twitter.com/CoryBooker,Sen.Booker@opencongress.org,202-224-3224,http://www.booker.senate.gov
Robert Menéndez,D - NJ,http://twitter.com/SenatorMenendez,Sen.Menendez@opencongress.org,202-224-4744,https://www.menendez.senate.gov
Rodney P. Frelinghuysen,R - NJ,http://twitter.com/USRepRodney,Rep.Frelinghuysen@opencongress.org,202-225-5034,https://frelinghuysen.house.gov
Scott Garrett,R - NJ,http://twitter.com/RepGarrett,Rep.Garrett@opencongress.org,202-225-4465,http://garrett.house.gov
Leonard Lance,R - NJ,http://twitter.com/RepLanceNJ7,Rep.Lance@opencongress.org,202-225-5361,http://lance.house.gov
Frank A. LoBiondo,R - NJ,http://twitter.com/RepLoBiondo,Rep.Lobiondo@opencongress.org,202-225-6572,http://lobiondo.house.gov
Tom MacArthur,R - NJ,http://twitter.com/RepTomMacArthur,Rep.Macarthur@opencongress.org,202-225-4765,https://macarthur.house.gov
Donald W. Norcross,D - NJ,http://twitter.com/DonaldNorcross,Rep.Norcross@opencongress.org,202-225-6501,https://norcross.house.gov
Frank J. Pallone,D - NJ,http://twitter.com/FrankPallone,Rep.Pallone@opencongress.org,202-225-4671,https://pallone.house.gov
Bill J. Pascrell,D - NJ,http://twitter.com/BillPascrell,Rep.Pascrell@opencongress.org,202-225-5751,http://pascrell.house.gov
Donald M. Payne,D - NJ,http://twitter.com/RepDonaldPayne,Rep.Payne@opencongress.org,202-225-3436,http://payne.house.gov
Albio Sires,D - NJ,http://twitter.com/RepSires,Rep.Sires@opencongress.org,202-225-7919,https://sires.house.gov
Christopher H. Smith,R - NJ,http://twitter.com/RepChrisSmith,Rep.Chrissmith@opencongress.org,202-225-3765,http://chrissmith.house.gov
Bonnie Watson Coleman,D - NJ,http://twitter.com/RepBonnie,Rep.Watsoncoleman@opencongress.org,202-225-5801,https://watsoncoleman.house.gov
Martin Heinrich,D - NM,http://twitter.com/MartinHeinrich,Sen.Heinrich@opencongress.org,202-224-5521,http://www.heinrich.senate.gov
Tom S. Udall,D - NM,http://twitter.com/SenatorTomUdall,Sen.Tomudall@opencongress.org,202-224-6621,http://www.tomudall.senate.gov
Michelle Lujan Grisham,D - NM,http://twitter.com/RepLujanGrisham,Rep.Lujangrisham@opencongress.org,202-225-6316,https://lujangrisham.house.gov
Ben Ray Luján,D - NM,http://twitter.com/RepBenRayLujan,Rep.Lujan@opencongress.org,202-225-6190,https://lujan.house.gov
Stevan E. Pearce,R - NM,http://twitter.com/RepStevePearce,Rep.Pearce@opencongress.org,202-225-2365,http://pearce.house.gov
Kirsten E. Gillibrand,D - NY,http://twitter.com/SenGillibrand,Sen.Gillibrand@opencongress.org,202-224-4451,https://www.gillibrand.senate.gov
Charles E. Schumer,D - NY,http://twitter.com/SenSchumer,Sen.Schumer@opencongress.org,202-224-6542,https://www.schumer.senate.gov
Yvette D. Clarke,D - NY,http://twitter.com/RepYvetteClarke,Rep.Clarke@opencongress.org,202-225-6231,https://clarke.house.gov
Chris Collins,R - NY,http://twitter.com/RepChrisCollins,Rep.Chriscollins@opencongress.org,202-225-5265,https://chriscollins.house.gov
Joseph Crowley,D - NY,http://twitter.com/RepJoeCrowley,Rep.Crowley@opencongress.org,202-225-3965,http://crowley.house.gov
Eliot L. Engel,D - NY,http://twitter.com/RepEliotEngel,Rep.Engel@opencongress.org,202-225-2464,https://engel.house.gov
Christopher P. Gibson,R - NY,http://twitter.com/RepChrisGibson,Rep.Gibson@opencongress.org,202-225-5614,http://gibson.house.gov
Richard L. Hanna,R - NY,http://twitter.com/RepRichardHanna,Rep.Hanna@opencongress.org,202-225-3665,http://hanna.house.gov
Brian M. Higgins,D - NY,http://twitter.com/RepBrianHiggins,Rep.Higgins@opencongress.org,202-225-3306,http://higgins.house.gov
Steve J. Israel,D - NY,http://twitter.com/RepSteveIsrael,Rep.Israel@opencongress.org,202-225-3335,http://israel.house.gov
Hakeem S. Jeffries,D - NY,http://twitter.com/RepJeffries,Rep.Jeffries@opencongress.org,202-225-5936,http://jeffries.house.gov
John Katko,R - NY,http://twitter.com/RepJohnKatko,Rep.Katko@opencongress.org,202-225-3701,https://katko.house.gov
Peter T. King,R - NY,http://twitter.com/RepPeteKing,Rep.Peteking@opencongress.org,202-225-7896,http://peteking.house.gov
Nita M. Lowey,D - NY,http://twitter.com/NitaLowey,Rep.Lowey@opencongress.org,202-225-6506,https://lowey.house.gov
Sean Patrick Maloney,D - NY,http://twitter.com/RepSeanMaloney,Rep.Seanmaloney@opencongress.org,202-225-5441,http://seanmaloney.house.gov
Carolyn B. Maloney,D - NY,http://twitter.com/RepMaloney,Rep.Maloney@opencongress.org,202-225-7944,http://maloney.house.gov
Gregory W. Meeks,D - NY,http://twitter.com/GregoryMeeks,Rep.Meeks@opencongress.org,202-225-3461,http://meeks.house.gov
Grace Meng,D - NY,http://twitter.com/RepGraceMeng,Rep.Meng@opencongress.org,202-225-2601,http://meng.house.gov
Jerrold L. Nadler,D - NY,http://twitter.com/RepJerryNadler,Rep.Nadler@opencongress.org,202-225-5635,http://nadler.house.gov
Charles B. Rangel,D - NY,http://twitter.com/CBRangel,Rep.Rangel@opencongress.org,202-225-4365,http://rangel.house.gov
Tom W. Reed,R - NY,http://twitter.com/RepTomReed,Rep.Reed@opencongress.org,202-225-3161,https://reed.house.gov
Kathleen Rice,D - NY,http://twitter.com/RepKathleenRice,Rep.Kathleenrice@opencongress.org,202-225-5516,http://kathleenrice.house.gov
José E. Serrano,D - NY,http://twitter.com/RepJoseSerrano,Rep.Serrano@opencongress.org,202-225-4361,https://serrano.house.gov
Louise McIntosh Slaughter,D - NY,http://twitter.com/LouiseSlaughter,Rep.Louise@opencongress.org,202-225-3615,https://louise.house.gov
Elise Stefanik,R - NY,http://twitter.com/RepStefanik,Rep.Stefanik@opencongress.org,202-225-4611,https://stefanik.house.gov
Paul Tonko,D - NY,http://twitter.com/RepPaulTonko,Rep.Tonko@opencongress.org,202-225-5076,https://tonko.house.gov
Nydia M. Velázquez,D - NY,http://twitter.com/NydiaVelazquez,Rep.Velazquez@opencongress.org,202-225-2361,https://velazquez.house.gov
Lee Zeldin,R - NY,http://twitter.com/RepLeeZeldin,Rep.Zeldin@opencongress.org,202-225-3826,https://zeldin.house.gov
Richard M. Burr,R - NC,http://twitter.com/SenatorBurr,Sen.Burr@opencongress.org,202-224-3154,http://www.burr.senate.gov
Thom Tillis,R - NC,http://twitter.com/senthomtillis,Sen.Tillis@opencongress.org,202-224-6342,https://www.tillis.senate.gov/public/index.cfm/home
Alma Adams,D - NC,http://twitter.com/RepAdams,Rep.Adams@opencongress.org,202-225-1510,http://adams.house.gov
George Kenneth Butterfield,D - NC,http://twitter.com/GKButterfield,Rep.Butterfield@opencongress.org,202-225-3101,http://butterfield.house.gov
Renee L. Ellmers,R - NC,http://twitter.com/RepReneeEllmers,Rep.Ellmers@opencongress.org,202-225-4531,http://ellmers.house.gov
Virginia Foxx,R - NC,http://twitter.com/VirginiaFoxx,Rep.Foxx@opencongress.org,202-225-2071,http://foxx.house.gov
George Holding,R - NC,http://twitter.com/RepHolding,Rep.Holding@opencongress.org,202-225-3032,http://holding.house.gov
Richard Hudson,R - NC,http://twitter.com/RepRichHudson,Rep.Hudson@opencongress.org,202-225-3715,https://hudson.house.gov
Walter B. Jones,R - NC,http://twitter.com/RepWalterJones,Rep.Jones@opencongress.org,202-225-3415,http://jones.house.gov
Patrick T. McHenry,R - NC,http://twitter.com/PatrickMcHenry,Rep.Mchenry@opencongress.org,202-225-2576,http://mchenry.house.gov
Mark Meadows,R - NC,http://twitter.com/RepMarkMeadows,Rep.Meadows@opencongress.org,202-225-6401,https://meadows.house.gov
David E. Price,D - NC,http://twitter.com/RepDavidEPrice,Rep.Price@opencongress.org,202-225-1784,https://price.house.gov
David Rouzer,R - NC,http://twitter.com/RepDavidRouzer,Rep.Rouzer@opencongress.org,202-225-2731,https://rouzer.house.gov
Mark Walker,R - NC,http://twitter.com/RepMarkWalker,Rep.Walker@opencongress.org,202-225-3065,https://walker.house.gov
Heidi Heitkamp,D - ND,http://twitter.com/SenatorHeitkamp,Sen.Heitkamp@opencongress.org,202-224-2043,http://www.heitkamp.senate.gov/public
John Hoeven,R - ND,http://twitter.com/SenJohnHoeven,Sen.Hoeven@opencongress.org,202-224-2551,https://www.hoeven.senate.gov
Kevin Cramer,R - ND,http://twitter.com/RepKevinCramer,Rep.Cramer@opencongress.org,202-225-2611,http://cramer.house.gov
Sherrod Brown,D - OH,http://twitter.com/SenSherrodBrown,Sen.Brown@opencongress.org,202-224-2315,https://www.brown.senate.gov
Robert J. Portman,R - OH,http://twitter.com/SenRobPortman,Sen.Portman@opencongress.org,202-224-3353,http://www.portman.senate.gov
Joyce Beatty,D - OH,http://twitter.com/RepBeatty,Rep.Beatty@opencongress.org,202-225-4324,http://beatty.house.gov
Steve J. Chabot,R - OH,http://twitter.com/RepSteveChabot,Rep.Chabot@opencongress.org,202-225-2216,http://chabot.house.gov
Marcia L. Fudge,D - OH,http://twitter.com/RepMarciaFudge,Rep.Fudge@opencongress.org,202-225-7032,https://fudge.house.gov
Bob Gibbs,R - OH,http://twitter.com/RepBobGibbs,Rep.Gibbs@opencongress.org,202-225-6265,https://gibbs.house.gov
Bill Johnson,R - OH,http://twitter.com/RepBillJohnson,Rep.Billjohnson@opencongress.org,202-225-5705,http://billjohnson.house.gov
Jim Jordan,R - OH,http://twitter.com/Jim_Jordan,Rep.Jordan@opencongress.org,202-225-2676,http://jordan.house.gov
David P. Joyce,R - OH,http://twitter.com/RepDaveJoyce,Rep.Joyce@opencongress.org,202-225-5731,https://joyce.house.gov
Marcy Kaptur,D - OH,http://twitter.com/RepMarcyKaptur,Rep.Kaptur@opencongress.org,202-225-4146,https://kaptur.house.gov
Robert E. Latta,R - OH,http://twitter.com/BobLatta,Rep.Latta@opencongress.org,202-225-6405,http://latta.house.gov
James B. Renacci,R - OH,http://twitter.com/RepJimRenacci,Rep.Renacci@opencongress.org,202-225-3876,https://renacci.house.gov
Tim J. Ryan,D - OH,http://twitter.com/RepTimRyan,Rep.Timryan@opencongress.org,202-225-5261,http://timryan.house.gov
Steve Stivers,R - OH,http://twitter.com/RepSteveStivers,Rep.Stivers@opencongress.org,202-225-2015,http://stivers.house.gov
Michael R. Turner,R - OH,http://twitter.com/RepMikeTurner,Rep.Turner@opencongress.org,202-225-6465,https://turner.house.gov
Brad R. Wenstrup,R - OH,http://twitter.com/RepBradWenstrup,Rep.Wenstrup@opencongress.org,202-225-3164,http://wenstrup.house.gov
James M. Inhofe,R - OK,http://twitter.com/InhofePress,Sen.Inhofe@opencongress.org,202-224-4721,http://www.inhofe.senate.gov
James Lankford,R - OK,http://twitter.com/SenatorLankford,Sen.Lankford@opencongress.org,202-224-5754,https://www.lankford.senate.gov
Jim Bridenstine,R - OK,http://twitter.com/RepJBridenstine,Rep.Bridenstine@opencongress.org,202-225-2211,http://bridenstine.house.gov
Tom Cole,R - OK,http://twitter.com/TomColeOK04,Rep.Cole@opencongress.org,202-225-6165,https://cole.house.gov
Frank D. Lucas,R - OK,http://twitter.com/RepFrankLucas,Rep.Lucas@opencongress.org,202-225-5565,http://lucas.house.gov
Markwayne Mullin,R - OK,http://twitter.com/RepMullin,Rep.Mullin@opencongress.org,202-225-2701,https://mullin.house.gov
Steve Russell,R - OK,http://twitter.com/RepRussell,Rep.Russell@opencongress.org,202-225-2132,https://russell.house.gov
Jeff Merkley,D - OR,http://twitter.com/SenJeffMerkley,Sen.Merkley@opencongress.org,202-224-3753,https://www.merkley.senate.gov
Ron Wyden,D - OR,http://twitter.com/RonWyden,Sen.Wyden@opencongress.org,202-224-5244,https://www.wyden.senate.gov
Earl Blumenauer,D - OR,http://twitter.com/BlumenauerMedia,Rep.Blumenauer@opencongress.org,202-225-4811,https://blumenauer.house.gov
Suzanne Bonamici,D - OR,http://twitter.com/RepBonamici,Rep.Bonamici@opencongress.org,202-225-0855,http://bonamici.house.gov
Peter A. DeFazio,D - OR,http://twitter.com/RepPeterDeFazio,Rep.Defazio@opencongress.org,202-225-6416,http://defazio.house.gov
Kurt Schrader,D - OR,http://twitter.com/RepSchrader,Rep.Schrader@opencongress.org,202-225-5711,http://schrader.house.gov
Greg P. Walden,R - OR,http://twitter.com/RepGregWalden,Rep.Walden@opencongress.org,202-225-6730,https://walden.house.gov
Robert P. Casey,D - PA,http://twitter.com/SenBobCasey,Sen.Casey@opencongress.org,202-224-6324,https://www.casey.senate.gov
Patrick J. Toomey,R - PA,http://twitter.com/SenToomey,Sen.Toomey@opencongress.org,202-224-4254,http://www.toomey.senate.gov
Lou Barletta,R - PA,http://twitter.com/RepLouBarletta,Rep.Barletta@opencongress.org,202-225-6511,http://barletta.house.gov
Brendan Boyle,D - PA,http://twitter.com/RepBrendanBoyle,Rep.Boyle@opencongress.org,202-225-6111,https://boyle.house.gov
Matthew A. Cartwright,D - PA,http://twitter.com/RepCartwright,Rep.Cartwright@opencongress.org,202-225-5546,http://cartwright.house.gov
Ryan Costello,R - PA,http://twitter.com/RepRyanCostello,Rep.Costello@opencongress.org,202-225-4315,https://costello.house.gov
Michael F. Doyle,D - PA,http://twitter.com/USRepMikeDoyle,Rep.Doyle@opencongress.org,202-225-2135,http://doyle.house.gov
Robert P. Casey,D - PA,http://twitter.com/SenBobCasey,Sen.Casey@opencongress.org,202-224-6324,https://www.casey.senate.gov
Patrick J. Toomey,R - PA,http://twitter.com/SenToomey,Sen.Toomey@opencongress.org,202-224-4254,http://www.toomey.senate.gov
Lou Barletta,R - PA,http://twitter.com/RepLouBarletta,Rep.Barletta@opencongress.org,202-225-6511,http://barletta.house.gov
Brendan Boyle,D - PA,http://twitter.com/RepBrendanBoyle,Rep.Boyle@opencongress.org,202-225-6111,https://boyle.house.gov
Matthew A. Cartwright,D - PA,http://twitter.com/RepCartwright,Rep.Cartwright@opencongress.org,202-225-5546,http://cartwright.house.gov
Ryan Costello,R - PA,http://twitter.com/RepRyanCostello,Rep.Costello@opencongress.org,202-225-4315,https://costello.house.gov
Michael F. Doyle,D - PA,http://twitter.com/USRepMikeDoyle,Rep.Doyle@opencongress.org,202-225-2135,http://doyle.house.gov
John F. Reed,D - RI,http://twitter.com/SenJackReed,Sen.Reed@opencongress.org,202-224-4642,https://www.reed.senate.gov
Sheldon Whitehouse,D - RI,http://twitter.com/SenWhitehouse,Sen.Whitehouse@opencongress.org,202-224-2921,https://www.whitehouse.senate.gov
David N. Cicilline,D - RI,http://twitter.com/RepCicilline,Rep.Cicilline@opencongress.org,202-225-4911,http://cicilline.house.gov
James R. Langevin,D - RI,http://twitter.com/JimLangevin,Rep.Langevin@opencongress.org,202-225-2735,http://langevin.house.gov
Lindsey O. Graham,R - SC,http://twitter.com/GrahamBlog,Sen.Lgraham@opencongress.org,202-224-5972,http://www.lgraham.senate.gov/public
Tim Scott,R - SC,http://twitter.com/SenatorTimScott,Sen.Scott@opencongress.org,202-224-6121,https://www.scott.senate.gov
James E. Clyburn,D - SC,http://twitter.com/Clyburn,Rep.Clyburn@opencongress.org,202-225-3315,http://clyburn.house.gov
Jeff Duncan,R - SC,http://twitter.com/RepJeffDuncan,Rep.Jeffduncan@opencongress.org,202-225-5301,http://jeffduncan.house.gov
Trey Gowdy,R - SC,http://twitter.com/TGowdySC,Rep.Gowdy@opencongress.org,202-225-6030,https://gowdy.house.gov
Mick Mulvaney,R - SC,http://twitter.com/RepMickMulvaney,Rep.Mulvaney@opencongress.org,202-225-5501,https://mulvaney.house.gov
Tom Rice,R - SC,http://twitter.com/RepTomRice,Rep.Rice@opencongress.org,202-225-9895,http://rice.house.gov
Marshall Sanford,R - SC,http://twitter.com/RepSanfordSC,Rep.Sanford@opencongress.org,202-225-3176,https://sanford.house.gov
Joe G. Wilson,R - SC,http://twitter.com/RepJoeWilson,Rep.Joewilson@opencongress.org,202-225-2452,http://joewilson.house.gov
Mike Rounds,R - SD,http://twitter.com/SenatorRounds,Sen.Rounds@opencongress.org,202-224-5842,http://www.rounds.senate.gov
John Thune,R - SD,http://twitter.com/SenJohnThune,Sen.Thune@opencongress.org,202-224-2321,http://www.thune.senate.gov
Kristi L. Noem,R - SD,http://twitter.com/RepKristiNoem,Rep.Noem@opencongress.org,202-225-2801,https://noem.house.gov
Lamar Alexander,R - TN,http://twitter.com/SenAlexander,Sen.Alexander@opencongress.org,202-224-4944,https://www.alexander.senate.gov/public/index.cfm/home
Bob Corker,R - TN,http://twitter.com/SenBobCorker,Sen.Corker@opencongress.org,202-224-3344,http://www.corker.senate.gov
Diane Black,R - TN,http://twitter.com/RepDianeBlack,Rep.Black@opencongress.org,202-225-4231,http://black.house.gov
Marsha W. Blackburn,R - TN,http://twitter.com/MarshaBlackburn,Rep.Blackburn@opencongress.org,202-225-2811,http://blackburn.house.gov
Steve Cohen,D - TN,http://twitter.com/RepCohen,Rep.Cohen@opencongress.org,202-225-3265,https://cohen.house.gov
Jim Cooper,D - TN,http://twitter.com/RepJimCooper,Rep.Cooper@opencongress.org,202-225-4311,http://cooper.house.gov
Scott DesJarlais,R - TN,http://twitter.com/DesJarlaisTN04,Rep.Desjarlais@opencongress.org,202-225-6831,https://desjarlais.house.gov
John J. Duncan,R - TN,http://twitter.com/RepJohnDuncanJr,Rep.Duncan@opencongress.org,202-225-5435,http://duncan.house.gov
Stephen Lee Fincher,R - TN,http://twitter.com/RepFincherTN08,Rep.Fincher@opencongress.org,202-225-4714,http://fincher.house.gov
Charles J. Fleischmann,R - TN,http://twitter.com/RepChuck,Rep.Fleischmann@opencongress.org,202-225-3271,http://fleischmann.house.gov
David P. Roe,R - TN,http://twitter.com/DrPhilRoe,Rep.Roe@opencongress.org,202-225-6356,http://roe.house.gov
John Cornyn,R - TX,http://twitter.com/JohnCornyn,Sen.Cornyn@opencongress.org,202-224-2934,https://www.cornyn.senate.gov
Ted Cruz,R - TX,http://twitter.com/SenTedCruz,Sen.Cruz@opencongress.org,202-224-5922,https://www.cruz.senate.gov
Brian Babin,R - TX,http://twitter.com/RepBrianBabin,Rep.Babin@opencongress.org,202-225-1555,http://babin.house.gov
Joe Linus Barton,R - TX,http://twitter.com/RepJoeBarton,Rep.Joebarton@opencongress.org,202-225-2002,https://joebarton.house.gov
Kevin P. Brady,R - TX,http://twitter.com/RepKevinBrady,Rep.Kevinbrady@opencongress.org,202-225-4901,http://kevinbrady.house.gov
Michael C. Burgess,R - TX,http://twitter.com/MichaelCBurgess,Rep.Burgess@opencongress.org,202-225-7772,http://burgess.house.gov
John R. Carter,R - TX,http://twitter.com/JudgeCarter,Rep.Carter@opencongress.org,202-225-3864,https://carter.house.gov
Joaquin Castro,D - TX,http://twitter.com/JoaquinCastrotx,Rep.Castro@opencongress.org,202-225-3236,https://castro.house.gov
K. Michael Conaway,R - TX,http://twitter.com/ConawayTX11,Rep.Conaway@opencongress.org,202-225-3605,http://conaway.house.gov
Henry Cuellar,D - TX,http://twitter.com/RepCuellar,Rep.Cuellar@opencongress.org,202-225-1640,http://cuellar.house.gov
John Abney Culberson,R - TX,http://twitter.com/CongCulberson,Rep.Culberson@opencongress.org,202-225-2571,http://culberson.house.gov
Lloyd A. Doggett,D - TX,http://twitter.com/RepLloydDoggett,Rep.Doggett@opencongress.org,202-225-4865,https://doggett.house.gov
Blake Farenthold,R - TX,http://twitter.com/Farenthold,Rep.Farenthold@opencongress.org,202-225-7742,http://farenthold.house.gov
Bill Flores,R - TX,http://twitter.com/RepBillFlores,Rep.Flores@opencongress.org,202-225-6105,http://flores.house.gov
Louie B. Gohmert,R - TX,http://twitter.com/RepLouieGohmert,Rep.Gohmert@opencongress.org,202-225-3035,https://gohmert.house.gov
Kay Granger,R - TX,http://twitter.com/RepKayGranger,Rep.Kaygranger@opencongress.org,202-225-5071,http://kaygranger.house.gov
Gene Eugene Green,D - TX,http://twitter.com/RepGeneGreen,Rep.Green@opencongress.org,202-225-1688,https://green.house.gov
Al Green,D - TX,http://twitter.com/RepAlGreen,Rep.Algreen@opencongress.org,202-225-7508,http://algreen.house.gov
Jeb Hensarling,R - TX,http://twitter.com/RepHensarling,Rep.Hensarling@opencongress.org,202-225-3484,http://hensarling.house.gov
Rubén E. Hinojosa,D - TX,http://twitter.com/USRepRHinojosa,Rep.Hinojosa@opencongress.org,202-225-2531,http://hinojosa.house.gov
Will Hurd,R - TX,http://twitter.com/hurdonthehill,Rep.Hurd@opencongress.org,202-225-4511,https://hurd.house.gov
Sheila Jackson Lee,D - TX,http://twitter.com/JacksonLeeTX18,Rep.Jacksonlee@opencongress.org,202-225-3816,http://jacksonlee.house.gov
Sam Robert Johnson,R - TX,http://twitter.com/SamsPressShop,Rep.Samjohnson@opencongress.org,202-225-4201,http://samjohnson.house.gov
Eddie Bernice Johnson,D - TX,http://twitter.com/RepEBJ,Rep.Ebjohnson@opencongress.org,202-225-8885,http://ebjohnson.house.gov
Kenny Ewell Marchant,R - TX,http://twitter.com/RepKenMarchant,Rep.Marchant@opencongress.org,202-225-6605,https://marchant.house.gov
Michael T. McCaul,R - TX,http://twitter.com/RepMcCaul,Rep.Mccaul@opencongress.org,202-225-2401,http://mccaul.house.gov
Randy Neugebauer,R - TX,http://twitter.com/RandyNeugebauer,Rep.Randy@opencongress.org,202-225-4005,http://randy.house.gov
Beto O'Rourke,D - TX,http://twitter.com/RepBetoORourke,Rep.Orourke@opencongress.org,202-225-4831,http://orourke.house.gov
Pete Olson,R - TX,http://twitter.com/RepPeteOlson,Rep.Olson@opencongress.org,202-225-5951,https://olson.house.gov
Ted Poe,R - TX,http://twitter.com/JudgeTedPoe,Rep.Poe@opencongress.org,202-225-6565,https://poe.house.gov
John Ratcliffe,R - TX,http://twitter.com/RepRatcliffe,Rep.Ratcliffe@opencongress.org,202-225-6673,https://ratcliffe.house.gov
Pete A. Sessions,R - TX,http://twitter.com/PeteSessions,Rep.Sessions@opencongress.org,202-225-2231,https://sessions.house.gov
Lamar S. Smith,R - TX,http://twitter.com/LamarSmithTX21,Rep.Lamarsmith@opencongress.org,202-225-4236,http://lamarsmith.house.gov
Mac M. Thornberry,R - TX,http://twitter.com/MacTXPress,Rep.Thornberry@opencongress.org,202-225-3706,http://thornberry.house.gov
Marc A. Veasey,D - TX,http://twitter.com/RepVeasey,Rep.Veasey@opencongress.org,202-225-9897,http://veasey.house.gov
Filemon Vela,D - TX,http://twitter.com/RepFilemonVela,Rep.Vela@opencongress.org,202-225-9901,https://vela.house.gov
Randy K. Weber,R - TX,http://twitter.com/TXRandy14,Rep.Weber@opencongress.org,202-225-2831,http://weber.house.gov
Roger Williams,R - TX,http://twitter.com/RepRWilliams,Rep.Williams@opencongress.org,202-225-9896,http://williams.house.gov
Orrin G. Hatch,R - UT,http://twitter.com/SenOrrinHatch,Sen.Hatch@opencongress.org,202-224-5251,http://www.hatch.senate.gov
Mike Lee,R - UT,http://twitter.com/SenMikeLee,Sen.Lee@opencongress.org,202-224-5444,http://www.lee.senate.gov/public
Jason Chaffetz,R - UT,http://twitter.com/JasonInTheHouse,Rep.Chaffetz@opencongress.org,202-225-7751,https://chaffetz.house.gov
Mia Love,R - UT,http://twitter.com/repmialove,Rep.Love@opencongress.org,202-225-3011,https://love.house.gov
Chris Stewart,R - UT,http://twitter.com/RepChrisStewart,Rep.Stewart@opencongress.org,202-225-9730,http://stewart.house.gov
Patrick J. Leahy,D - VT,http://twitter.com/SenatorLeahy,Sen.Leahy@opencongress.org,202-224-4242,https://www.leahy.senate.gov
Bernard Sanders,I - VT,http://twitter.com/SenSanders,Sen.Sanders@opencongress.org,202-224-5141,https://www.sanders.senate.gov
Peter Welch,D - VT,http://twitter.com/PeterWelch,Rep.Welch@opencongress.org,202-225-4115,https://welch.house.gov
Timothy Kaine,D - VA,http://twitter.com/SenKaineOffice,Sen.Kaine@opencongress.org,202-224-4024,http://www.kaine.senate.gov
Mark Warner,D - VA,http://twitter.com/MarkWarner,Sen.Warner@opencongress.org,202-224-2023,http://www.warner.senate.gov
Donald Beyer,D - VA,http://twitter.com/repdonbeyer,Rep.Beyer@opencongress.org,202-225-4376,http://beyer.house.gov
David Alan Brat,R - VA,http://twitter.com/RepDaveBrat,Rep.Brat@opencongress.org,202-225-2815,http://brat.house.gov
Barbara Comstock,R - VA,http://twitter.com/RepComstock,Rep.Comstock@opencongress.org,202-225-5136,https://comstock.house.gov
Gerald E. Connolly,D - VA,http://twitter.com/GerryConnolly,Rep.Connolly@opencongress.org,202-225-1492,https://connolly.house.gov
J. Randy Forbes,R - VA,http://twitter.com/Randy_Forbes,Rep.Forbes@opencongress.org,202-225-6365,http://forbes.house.gov
Bob W. Goodlatte,R - VA,http://twitter.com/RepGoodlatte,Rep.Goodlatte@opencongress.org,202-225-5431,https://goodlatte.house.gov
H. Morgan Griffith,R - VA,http://twitter.com/RepMGriffith,Rep.Morgangriffith@opencongress.org,202-225-3861,http://morgangriffith.house.gov
Robert Hurt,R - VA,http://twitter.com/RepRobertHurt,Rep.Hurt@opencongress.org,202-225-4711,https://hurt.house.gov
Edward Scott Rigell,R - VA,http://twitter.com/RepScottRigell,Rep.Rigell@opencongress.org,202-225-4215,http://rigell.house.gov
Robert C. Scott,D - VA,http://twitter.com/BobbyScott,Rep.Bobbyscott@opencongress.org,202-225-8351,http://bobbyscott.house.gov
Robert J. Wittman,R - VA,http://twitter.com/RobWittman,Rep.Wittman@opencongress.org,202-225-4261,http://wittman.house.gov
Maria Cantwell,D - WA,http://twitter.com/SenatorCantwell,Sen.Cantwell@opencongress.org,202-224-3441,https://www.cantwell.senate.gov
Patty Murray,D - WA,http://twitter.com/PattyMurray,Sen.Murray@opencongress.org,202-224-2621,http://www.murray.senate.gov/public
Suzan K. DelBene,D - WA,http://twitter.com/RepDelBene,Rep.Delbene@opencongress.org,202-225-6311,https://delbene.house.gov
Denny Heck,D - WA,http://twitter.com/RepDennyHeck,Rep.Dennyheck@opencongress.org,202-225-9740,http://dennyheck.house.gov
Jaime Herrera Beutler,R - WA,http://twitter.com/HerreraBeutler,Rep.Herrerabeutler@opencongress.org,202-225-3536,http://herrerabeutler.house.gov
Derek Kilmer,D - WA,http://twitter.com/RepDerekKilmer,Rep.Kilmer@opencongress.org,202-225-5916,https://kilmer.house.gov
Rick Larsen,D - WA,http://twitter.com/RepRickLarsen,Rep.Larsen@opencongress.org,202-225-2605,http://larsen.house.gov
Jim A. McDermott,D - WA,http://twitter.com/RepJimMcDermott,Rep.Mcdermott@opencongress.org,202-225-3106,http://mcdermott.house.gov
Cathy McMorris Rodgers,R - WA,http://twitter.com/CathyMcMorris,Rep.Mcmorris@opencongress.org,202-225-2006,http://mcmorris.house.gov
Dan Newhouse,R - WA,http://twitter.com/RepNewhouse,Rep.Newhouse@opencongress.org,202-225-5816,https://newhouse.house.gov
David G. Reichert,R - WA,http://twitter.com/DaveReichert,Rep.Reichert@opencongress.org,202-225-7761,http://reichert.house.gov
Adam Smith,D - WA,http://twitter.com/RepAdamSmith,Rep.Adamsmith@opencongress.org,202-225-8901,https://adamsmith.house.gov
Shelley Moore Capito,R - WV,http://twitter.com/SenCapito,Sen.Capito@opencongress.org,202-224-6472,https://www.capito.senate.gov
Joe Manchin,D - WV,http://twitter.com/Sen_JoeManchin,Sen.Manchin@opencongress.org,202-224-3954,http://www.manchin.senate.gov/public
Evan Jenkins,R - WV,http://twitter.com/RepEvanJenkins,Rep.Evanjenkins@opencongress.org,202-225-3452,https://evanjenkins.house.gov
David B. McKinley,R - WV,http://twitter.com/RepMcKinley,Rep.Mckinley@opencongress.org,202-225-4172,https://mckinley.house.gov
Alex Mooney,R - WV,http://twitter.com/RepAlexMooney,Rep.Mooney@opencongress.org,202-225-2711,https://mooney.house.gov
Tammy Baldwin,D - WI,http://twitter.com/SenatorBaldwin,Sen.Baldwin@opencongress.org,202-224-5653,https://www.baldwin.senate.gov
Ron Johnson,R - WI,http://twitter.com/SenRonJohnson,Sen.Ronjohnson@opencongress.org,202-224-5323,http://www.ronjohnson.senate.gov
Sean P. Duffy,R - WI,http://twitter.com/RepSeanDuffy,Rep.Duffy@opencongress.org,202-225-3365,https://duffy.house.gov
Glenn Grothman,R - WI,http://twitter.com/RepGrothman,Rep.Grothman@opencongress.org,202-225-2476,http://grothman.house.gov
Ron James Kind,D - WI,http://twitter.com/RepRonKind,Rep.Kind@opencongress.org,202-225-5506,https://kind.house.gov
Gwen Moore,D - WI,http://twitter.com/RepGwenMoore,Rep.Gwenmoore@opencongress.org,202-225-4572,https://gwenmoore.house.gov
Mark Pocan,D - WI,http://twitter.com/RepMarkPocan,Rep.Pocan@opencongress.org,202-225-2906,http://pocan.house.gov
Reid J. Ribble,R - WI,http://twitter.com/RepRibble,Rep.Ribble@opencongress.org,202-225-5665,http://ribble.house.gov
Paul D. Ryan,R - WI,http://twitter.com/SpeakerRyan,Rep.Paulryan@opencongress.org,202-225-3031,http://paulryan.house.gov
F. James Sensenbrenner,R - WI,http://twitter.com/JimPressOffice,Rep.Sensenbrenner@opencongress.org,202-225-5101,http://sensenbrenner.house.gov
John A. Barrasso,R - WY,http://twitter.com/SenJohnBarrasso,Sen.Barrasso@opencongress.org,202-224-6441,http://www.barrasso.senate.gov
Michael B. Enzi,R - WY,http://twitter.com/SenatorEnzi,Sen.Enzi@opencongress.org,202-224-3424,http://www.enzi.senate.gov
Cynthia M. Lummis,R - WY,http://twitter.com/CynthiaLummis,Rep.Lummis@opencongress.org,202-225-2311,http://lummis.house.gov
